,Composition,Shear modulus,Fracture toughness
0,Be5.5 Ti10.5 Mo10.5 Cr10.5 Fe10.5 Co10.5 Ni10.5 Cu10.5 Al10.5 Si10.5,58.82550048828125,10.604205131530762
1,Cr14.3 Fe14.3 Co14.3 Ni14.3 Al42.8,54.49919891357422,9.250584602355957
2,Cr1 Mn1 Fe1 Co1 Ni1,75.5199966430664,11.330023765563965
3,Cr20 Mn20 Fe20 Co20 Ni21,75.50099182128906,11.299732208251953
4,Cr10 Mn10 Fe10 Co10 Ni11,75.48235321044922,11.269973754882812
5,Cr16.7 Fe16.7 Ni33.2 Cu16.7 Al16.7,62.01020050048828,10.511021614074707
6,Cr16.7 Fe16.7 Ni33.2 Cu16.8 Al16.7,61.99370574951172,10.505827903747559
7,Ti5.9 Cr29.4 Fe29.4 Ni29.4 Al5.9,70.37889862060547,13.720352172851562
8,Cr21 Fe20 Co20 Ni21 Al18,66.49800109863281,11.666669845581055
9,Cr22.25 Fe20 Co20 Ni22.25 Al15.5,67.64550018310547,11.962560653686523
10,Cr23.5 Fe20 Co20 Ni23.5 Al13,68.79299926757812,11.624482154846191
11,Cr1 Co1 Ni1,73.33333587646484,13.161770820617676
12,Ta1 Nb1 W1 Mo1,74.07499694824219,17.47840690612793
13,Zr1 Ti1 Ta1 Nb1,49.57500076293945,7.042868137359619
14,Zr23.75 Ti23.75 Ta23.75 Nb23.75 Mo5,48.08124923706055,7.814815044403076
15,Zr22.5 Ti22.5 Ta22.5 Nb22.5 Mo10,46.587501525878906,8.57677936553955
16,Zr1 Ti1 Ta1 Nb1 Mo1,43.599998474121094,10.0763521194458
17,V2 Cr2 Fe9 Co4 Ni3,75.0999984741211,10.8667573928833
18,Ti1 Ta1 Nb1 V1,54.900001525878906,8.651350021362305
19,Be22.5 Zr41.2 Ti13.8 Ni10 Cu12.5,61.46390151977539,4.831792831420898
20,W97.13 Fe0.86 Ni2.01,146.90138244628906,26.499738693237305
21,W92.5 Fe2.19 Ni5.33,143.49746704101562,25.737699508666992
22,W90 Fe2.95 Ni6.78,141.8685302734375,25.375852584838867
23,W95 Fe1.49 Ni3.48,145.36477661132812,26.156816482543945
24,Hf4 Ti26 Nb51 Cr2 Al2 Si15,52.10100173950195,7.357533931732178
25,Ti27 Nb41 Cr8 Al9 Si15,51.540000915527344,8.023934364318848
26,Nb83.5 Si16.5,59.08150100708008,8.401145935058594
27,Nb9 Si1,59.0099983215332,8.508627891540527
28,Ti42.5 Nb42.5 Si15,50.182498931884766,6.613236904144287
29,Ti8 Nb8 Al1 Si3,49.095001220703125,6.463534832000732
30,Mo1 Fe1 Co1 Ni1,62.32500076293945,13.011443138122559
31,Ni1 Al1,50.150001525878906,5.77375602722168
32,Mo1 Si1,39.849998474121094,14.194812774658203
33,Cr23 Fe15 Co15 Ni15 Cu8 Al23,61.30202102661133,11.261674880981445
34,Cr1 Fe1 Ni2 Cu1 Al1,62.03333282470703,10.506891250610352
35,Ti0.2 Cr1 Fe1 Ni1 Al0.2,70.39411926269531,13.724098205566406
36,Ti1 Mo1 Cr1 Fe1 Co1 Ni1 Cu1 Al1 Si1,54.56666564941406,10.606526374816895
37,Zr61 Ti2 Cu25 Al12,35.2859992980957,3.217940092086792
38,Ti0.5 Cr1 Fe1 Co1 Ni1 Al0.25,68.81578826904297,11.86938762664795
39,Nb5 Si3,59.3125,8.042730331420898
40,Ti40 Nb1 Al5 Si15,42.826229095458984,4.530306816101074
41,W1 Si2,89.66666412353516,13.664974212646484
42,Nb1 Mo1,39.29999923706055,15.302562713623047
43,Nb90.85 Al9.15,55.95370101928711,8.221565246582031
44,Nb67.9 Cr32.1,62.97669982910156,13.179076194763184
45,Ta2 Cr23,71.36799621582031,20.8681697845459
46,Ta9.8 Cr90.2,71.31580352783203,20.707231521606445
47,Ta11 Cr89,71.28099822998047,20.599660873413086
48,Hf7.5 Ti21 Nb1 Si16,44.94285583496094,4.905080795288086
49,Hf10 Ti21 Nb1 Si16,44.18541717529297,4.814551830291748
50,Hf12.5 Ti21 Nb1 Si16,43.50297164916992,4.732574939727783
51,Ti21 Nb1 Si16,47.81315612792969,5.243947982788086
52,Hf7.5 Ti33 Nb1 Si16,43.49391174316406,4.608872890472412
53,Hf10 Ti33 Nb1 Si16,42.948333740234375,4.547155857086182
54,Hf12.5 Ti33 Nb1 Si16,42.4463996887207,4.490182876586914
55,Ti33 Nb1 Si16,45.45800018310547,4.829317092895508
56,Ti22 Nb57 Mo5 Si16,52.518001556396484,8.200974464416504
57,Ti11 Nb26 Mo5 Si8,50.55799865722656,8.864622116088867
58,Ti22 Nb47 Mo15 Si16,48.597999572753906,9.522139549255371
59,Ti11 Nb21 Mo10 Si8,46.63800048828125,10.173702239990234
60,Ta1 Nb1 W1 Mo1,74.07499694824219,17.47840690612793
61,Ta1 Nb1 V1 W1 Mo1,70.05999755859375,15.925976753234863
62,Hf1 Zr1 Ti1 Ta1 Nb1,45.7400016784668,6.306204795837402
63,Zr1 Ti1 Ta0.5 Nb1 Mo0.5 Cr1,49.08000183105469,11.287700653076172
64,Zr1 Ti1 Nb1 V1 Mo1,40.65999984741211,9.641927719116211
65,Zr1 Ti1 Nb1 Mo1,37.32500076293945,9.647043228149414
66,Zr1 Ti1 Nb1 V0.25 Mo1,38.30588150024414,9.646806716918945
67,Zr1 Ti1 Nb1 V0.5 Mo1,39.17777633666992,9.645711898803711
68,Zr1 Ti1 Nb1 V0.75 Mo1,39.95789337158203,9.644024848937988
69,Zr1 Ti1 Nb1 V1.25 Mo1,41.29523849487305,9.639559745788574
70,Zr1 Ti1 Nb1 V1.5 Mo1,41.87272644042969,9.637007713317871
71,Ti1 Ta1 Nb1 V1,54.900001525878906,8.651350021362305
72,Ti1 Ta1 Nb1 V1 Al0.25,53.24117660522461,8.354496002197266
73,Ti1 Ta1 Nb1 V1 Al0.5,51.766666412353516,8.090600967407227
74,Ti1 Ta1 Nb1 V1 Al1,49.2599983215332,7.641880989074707
75,Zr1 Ti1 Nb1 V2 Mo1,42.88333511352539,9.631647109985352
76,Zr1 Ti1 Nb1 V3 Mo1,44.47142791748047,9.620868682861328
77,Zr1 Ti1 Nb1 V1,45.900001525878906,6.5080389976501465
78,Zr1 Ti1 Nb1 Cr1,50.29999923706055,9.928702354431152
79,Zr1 Ti1 Nb1 V1 Cr1,51.040000915527344,9.854071617126465
80,Zr1 Ti1 Nb1 V2,47.52000045776367,7.136682987213135
81,Zr1 Ti1 Ta0.5 Nb1 Mo0.5 Al1,40.099998474121094,7.406411170959473
82,Ti1 Nb1 V1 Mo1 Al0.25,41.71176528930664,10.746256828308105
83,Hf0.6 Zr1 Ti1 Ta1 Nb1 Al0.4,45.444000244140625,6.322212219238281
84,Ti1 Nb1 V1 Mo1 Al0.5,40.877777099609375,10.35509967803955
85,Ti1 Nb1 V1 Mo1 Al0.75,40.1315803527832,10.00471305847168
86,Ti1 Nb1 V1 Mo1 Al1.25,38.85238265991211,9.403054237365723
87,Ti1 Nb1 V1 Mo1 Al1.5,38.29999923706055,9.142829895019531
88,Ti1 Nb1 V1 Mo1 Al1,39.459999084472656,9.68900203704834
89,Hf1 Zr1 Ti1 Nb1,40.0,4.855312824249268
90,Ti1 Nb1 V1 Mo1,42.650001525878906,11.18577766418457
91,Zr1.3 Ti1.4 Ta0.8 Nb1 V0.2 Al0.3,45.67599868774414,6.2617621421813965
92,Zr1.3 Ti1.4 Ta1 Nb1 Al0.3,46.263999938964844,6.344057083129883
93,Ti1 Nb1 V1 Mo1 Cr1 Al0.5 Si0.3,47.16379165649414,12.279290199279785
94,Ti1 Nb1 Mo1 Cr1 Al0.5,44.78888702392578,13.225378036499023
95,Ti1 Nb1 V1 Mo1 Cr1 Al0.5,46.4636344909668,12.572842597961426
96,Nb1 V1 Mo1 Cr1 Al0.5,48.344444274902344,14.300310134887695
97,Zr1 Ti1.5 Ta0.8 Nb1 V0.2 Al0.5,45.54199981689453,6.299411773681641
98,Zr0.5 Ti1.5 Ta0.5 Nb1.5 Al1,44.54999923706055,6.157268047332764
99,Hf1 Zr1 Ti1 Nb1 Cr1,46.31999969482422,8.690779685974121
100,Hf1 Zr1 Ti1.27 Ta0.18 Nb0.18,37.00495910644531,3.9363551139831543
101,Hf1 Zr1 Ti1 Nb1 V1,42.79999923706055,5.8854498863220215
102,Ti1 W1 Mo1 Cr1 Al1,61.0,15.896239280700684
103,Ti1 Nb1 V1 Al1,44.400001525878906,6.59194803237915
104,Hf1 Zr1 Ti1 Ta1 Nb1 Mo1,41.400001525878906,8.997190475463867
105,Hf1 Zr1 Ti1 Nb1 Mo1,35.939998626708984,8.432379722595215
106,Ti1 Ta1 Nb1 V1 W1 Mo1,64.71666717529297,14.019574165344238
107,Hf1 Zr1 Ti1 Ta1 Nb1 Al0.3,44.66226577758789,6.149190902709961
108,Hf1 Zr1 Ti1 Ta1 Nb1 Al0.5,44.009090423583984,6.054089069366455
109,Hf1 Zr1 Ti1 Ta1 Nb1 Al0.75,43.25652313232422,5.9445719718933105
110,Ti1 Nb1 V1 Cr0.5 Al1,47.42222213745117,8.448712348937988
111,Ti1 Nb1 V1 Cr1.5 Al1,51.818180084228516,11.036556243896484
112,Ti1 Nb1 V1 Cr1 Al1,49.84000015258789,9.886343002319336
113,Hf1 Zr1 Ti1 Ta1 Nb1 Al1,42.56666564941406,5.8442230224609375
114,V1 W0.5 Cr0.5 Co2 Ni2,76.8499984741211,11.29081916809082
115,W0.5 Mo0.5 Cr1 Co2 Ni2,75.45833587646484,13.418517112731934
116,V1 W20.5 Mo0.5 Co2 Ni1,133.66200256347656,24.030649185180664
117,Ta1 Nb1 V1 W1 Mo1 Cr1,70.31666564941406,16.944828033447266
118,Ta1 Nb1 V1 W1 Mo1 Cr1,70.31666564941406,16.944828033447266
119,Hf1 Zr1 Ti1 Ta1 Nb1 V1 W1 Mo1,56.42499923706055,11.427444458007812
120,Hf1 Zr1 Ti1 Ta1 Nb1 V1 Mo1,43.20000076293945,9.09106159210205
121,Hf1 Zr1 Ti1 Ta1 Mo1,37.900001525878906,8.969671249389648
122,Zr1 Ti1 Nb1 V0.3 Mo0.1,43.46176528930664,6.311306953430176
123,Zr1 Ti1 Nb1 V0.3 Mo0.3,42.141666412353516,7.213356971740723
124,Zr1 Ti1 Nb1 V1 Mo0.3,44.07209396362305,7.615210056304932
125,Zr1 Ti1 Nb1 V1 Mo0.5,42.988887786865234,8.263752937316895
126,Zr1 Ti1 Nb1 V0.3 Mo0.5,40.96052551269531,8.0089750289917
127,Zr1 Ti1 Nb1 V0.3 Mo0.7,39.897499084472656,8.717331886291504
128,Zr1 Ti1 Nb1 V1 Mo0.7,41.99787139892578,8.852762222290039
129,Zr1 Ti1 Nb1 V0.3 Mo1.3,37.26304244995117,10.44677734375
130,Zr1 Ti1 Nb1 V1 Mo1.3,39.47358322143555,10.33637523651123
131,Zr1 Ti1 Nb1 V0.3 Mo1.5,36.53125,10.921396255493164
132,Zr1 Ti1 Nb1 V1 Mo1.5,38.754547119140625,10.754923820495605
133,Zr1 Ti1 Nb1 V1 Mo1.7,38.08596420288086,11.142595291137695
134,Zr1 Ti1 Nb1 V1 Mo2,37.16666793823242,11.673323631286621
135,Zr1 Ti1 Nb1 V0.3 Mo1,38.488372802734375,9.646644592285156
136,Zr1 Ti1 Nb1 V0.3,44.181819915771484,5.8122382164001465
137,Ti1 Nb1 Mo1 Cr1 Al1,42.97999954223633,12.298542976379395
138,Hf0.5 Zr1 Ti1 Nb1 Mo0.5 Si0.7,41.84042739868164,7.243298053741455
139,Hf0.5 Zr1 Ti1 Nb1 Mo0.5,38.662498474121094,7.313079833984375
140,Ta1 Nb1 V1 Mo1,50.32500076293945,13.016703605651855
141,Hf0.5 Zr1 Ti1 Nb1 Mo0.5 Si0.1,39.182926177978516,7.30161714553833
142,Hf0.5 Zr1 Ti1 Nb1 Mo0.5 Si0.3,40.151161193847656,7.280327796936035
143,Hf0.5 Zr1 Ti1 Nb1 Mo0.5 Si0.5,41.03333282470703,7.260979175567627
144,Hf0.5 Zr1 Ti1 Nb1 Mo0.5 Si0.9,42.581634521484375,7.22709321975708
145,Hf0.5 Zr1 Ti1.5 Ta0.5 Nb0.5,42.17499923706055,5.231882095336914
146,Hf1 Zr1 Ti1 Ta1 Nb1 Mo0.25,44.5,7.089323997497559
147,Hf1 Zr1 Ti1 Ta1 Nb1 Mo0.5,43.37272644042969,7.790311813354492
148,Hf1 Zr1 Ti1 Ta1 Nb1 Mo0.75,42.34347915649414,8.422834396362305
149,Hf1 Ti1 Nb1 V1 Si0.5,46.9555549621582,6.603085994720459
150,Hf1 Zr1 Ti1 Nb1 V1 Si0.5,44.3636360168457,5.977303981781006
151,Hf1 Zr1 Ti1 Ta1 Nb1 V1,47.11666488647461,6.892364025115967
152,Hf1 Zr1 Ta1 Nb1,47.67499923706055,6.889466762542725
153,Ti1 Ta1 Nb1 V1 W1,73.72000122070312,12.484635353088379
154,Ta1 Nb1 V1 W1,82.6500015258789,14.511658668518066
155,Zr1 Ti1 Ta1 Nb1 Mo1,43.599998474121094,10.0763521194458
156,Ti1 Ta1 Mo1 Cr1 Al1,44.939998626708984,12.854179382324219
157,Ti1 Ta1 Nb1 W1 Mo1,66.86000061035156,14.884285926818848
158,Ti1 Ta1 V1 Mo1 Al0.2,44.22380828857422,11.500577926635742
159,Ti2 Nb1 V0.5 Cr1 Al0.5,49.369998931884766,9.457907676696777
160,Ti1 Ta1 V1 Mo1 Al0.6,42.70000076293945,10.824963569641113
161,Ti1 Ta1 Mo1 Cr1 Al1 Si0.05,45.089107513427734,12.79543685913086
162,Ti1 Ta1 V1 Mo1 Al1,41.41999816894531,10.255887985229492
163,Zr1 Ti1 Nb1 V1 Al1,42.060001373291016,5.918814182281494
164,Zr0.1 Ti1 Nb1 V1 Al1,44.1146354675293,6.511628150939941
165,Zr0.25 Ti1 Nb1 V1 Al1,43.71176528930664,6.397456169128418
166,Zr0.5 Ti1 Nb1 V1 Al1,43.099998474121094,6.2222490310668945
167,Zr1.5 Ti1 Nb1 V1 Al1,41.20909118652344,5.664608001708984
168,Nb1 Mo1 Cr1 Co1,56.25,15.357812881469727
169,Ti1 Nb1 Mo1 Cr1 Co1,52.599998474121094,13.214677810668945
170,Ti0.2 Nb1 Mo1 Cr1 Co1,55.380950927734375,14.851869583129883
171,Ti0.4 Nb1 Mo1 Cr1 Co1,54.59090805053711,14.389705657958984
172,Ti0.5 Nb1 Mo1 Cr1 Co1,54.22222137451172,14.173274993896484
173,Ta1 Nb1 V1 W1 Mo1 Cr1 Re1,85.69999694824219,17.126670837402344
174,Zr1 Ti1 Ta1 Nb1 V1 W1 Mo1 Cr1,61.57500076293945,13.771541595458984
175,Zr1 Ti1 Ta1 Nb1 V1 Mo1 Cr1,49.08571243286133,11.824109077453613
176,Ti0.17 Ta1 V1 W1 Cr1,83.87529754638672,17.216686248779297
177,Ti0.3 Ta1 V1 W1 Cr1,82.48837280273438,16.84202003479004
178,Ta1 V1 W1 Cr1,85.82499694824219,17.741785049438477
179,Hf1 Zr1.2 Ti0.8 Nb0.6 V0.4,39.244998931884766,4.874166011810303
180,Hf1 Ti1 Nb1 V0.5 Mo0.5 Si0.3,42.36046600341797,8.064850807189941
181,Hf1 Ti1 Nb1 V0.5 Mo0.5 Si0.5,43.14444351196289,8.009324073791504
182,Hf1 Ti1 Nb1 V0.5 Mo0.5 Si0.7,43.86170196533203,7.958670139312744
183,Hf1 Ti1 Nb1 V0.5 Mo0.5,41.037498474121094,8.158923149108887
184,Hf1 Zr1 Ti1 W1 Mo1,53.959999084472656,12.151533126831055
185,Hf1 Zr1 Ti1 Ta0.4,37.81764602661133,4.219474792480469
186,Hf1 Zr1 Ti1 Ta0.5,38.70000076293945,4.472443103790283
187,Hf1 Zr1 Ti1 Ta0.6,39.53333282470703,4.706192970275879
188,Hf1 Zr1 Ti1 Ta1,42.45000076293945,5.494091987609863
189,Ti1 Ta1 Nb1 V1 Mo1,47.86000061035156,11.31086540222168
190,Zr1 Ti1 Ta1 Nb1 V1 Mo1,45.33333206176758,10.000950813293457
191,Ta1 Nb1 V0.4 W1.6 Mo1,81.45999908447266,18.038591384887695
192,Ta1 Nb1 W1.9 Mo1,87.83673095703125,19.269853591918945
193,Zr1 Ti1 Nb1 W1 Mo1,59.65999984741211,13.232913970947266
194,Ti1 Ta1 V1 Mo1,45.099998474121094,11.888168334960938
195,Zr1 Ti1 Ta1 V1 Mo1,42.619998931884766,10.197220802307129
196,Ta1 V1 W1 Mo1,72.8499984741211,17.604127883911133
197,Zr1 Ti1 V1 Mo1,36.099998474121094,9.798694610595703
198,Zr1 Ti1 Ta1 Nb1,49.57500076293945,7.042868137359619
199,Zr1 Ti1 Ta1 Nb1 Al0.25,48.22941207885742,6.837418079376221
200,Zr1 Ti1 Ta0.5 Nb1 Mo0.5 Al0.5,41.588890075683594,7.830570220947266
201,Ti1 Mo1 Cr1 Al1,39.0,13.10680103302002
202,Zr0.5 Ti1 Ta0.5 Nb1 Mo0.5 Al1,40.92222213745117,7.870909214019775
203,Ti1 Nb1 Mo1 Al1,35.82500076293945,9.71737289428711
204,Zr0.5 Ti1 Ta0.5 Nb1 Al1,43.57500076293945,6.0532917976379395
205,Ti0.25 Ta1 Nb1 W1 Mo1,71.95294189453125,16.718591690063477
206,Ti0.5 Ta1 Nb1 W1 Mo1,70.06666564941406,16.04115104675293
207,Ti0.75 Ta1 Nb1 W1 Mo1,68.37894439697266,15.433161735534668
208,Cr1 Mn1 Fe1 Co1 Ni1 Al0.1,74.562744140625,11.847461700439453
209,Cr1 Fe1 Co1 Ni1 Al0.1,74.11463165283203,12.302569389343262
210,Fe1 Co1 Ni1 Al0.25,72.69999694824219,8.18835163116455
211,Ti0.8 Mn1 Fe1 Co1 Ni1 Al0.2,68.3479995727539,7.921191215515137
212,Cr1 Fe1 Ni2 Cu1 Al0.2,67.46923065185547,10.901165008544922
213,Cr1 Fe1 Co1 Ni1 Cu1 Al0.3,66.9264144897461,10.661937713623047
214,Mo0.1 Cr1 Fe1 Co1 Ni1 Al0.3,70.72272491455078,12.139087677001953
215,Ti0.1 Cr1 Fe1 Co1 Ni1 Al0.3,71.13863372802734,11.737374305725098
216,Cr1 Fe1 Co1 Ni1 Al0.44,70.4837875366211,11.659785270690918
217,Cr1 Fe1 Co1 Ni2 Cu0.5 Al0.5,68.48332977294922,10.488117218017578
218,Ti0.2 Cr1 Fe1 Co1 Ni1 Cu1 Al0.5,64.5,10.187508583068848
219,Ti0.8 Cr1 Fe1 Co1 Ni1 Cu1 Al0.5,61.97618865966797,10.143672943115234
220,Ti2 Cr1 Fe1 Co1 Ni1 Cu1 Al0.5,58.13999938964844,9.162153244018555
221,V0.6 Cr1 Fe1 Co1 Ni1 Cu1 Al0.5,64.33606719970703,10.902471542358398
222,Ti1 Cr1 Fe1 Co1 Ni1 Al0.5,64.0999984741211,10.810758590698242
223,Cr1 Mn1 Fe1.5 Ni0.5 Al0.5,71.0999984741211,12.56759262084961
224,Mn33 Fe36 Ni18 Al13,71.16300201416016,7.694423198699951
225,Ti6 Mn33 Fe36 Ni18 Al13,69.28585052490234,7.459774971008301
226,Zr2 Ti4 Nb3 V5 Cr2 Al4,45.70500183105469,7.984857082366943
227,Mo0.5 Cr1 Fe1 Co1.5 Ni1 Al1,62.525001525878906,12.00562858581543
228,Cr1 Fe1 Co1 Ni1 Cu0.25 Al1,64.62380981445312,11.142721176147461
229,Cr1 Fe1 Co1 Ni1 Cu0.5 Al1,63.754547119140625,10.880455017089844
230,Mo0.5 Cr1 Fe0.6 Co1 Ni1 Al1,59.85686111450195,12.255759239196777
231,Mo0.5 Cr1 Fe1 Co1 Ni1 Al1,61.40909194946289,12.361161231994629
232,Nb0.1 Cr1 Fe1 Co1 Ni1 Al1,65.44902038574219,11.386696815490723
233,Cr1 Fe1 Ni2 Cu1 Al1,62.03333282470703,10.506891250610352
234,Mo0.2 Cr1 Fe1 Ni1 Al1,61.20000076293945,12.68193244934082
235,Mo1 Cr1 Fe1 Ni1 Al1,54.560001373291016,14.083419799804688
236,Nb1 Mo1 Cr1 Al1,44.224998474121094,14.175350189208984
237,Hf1 Ti1 Nb1 Al1,38.5,5.006746768951416
238,Hf1 Ti1 Ta1 Al1,40.95000076293945,5.669485092163086
239,Ti1 Ta1 Nb1 W1 Ni1 Al1,69.1500015258789,10.83910083770752
240,Zr0.5 Ti1 Nb1 V1 Al1,43.099998474121094,6.2222490310668945
241,Cr0.25 Mn1 Fe1 Co0.25,77.68000030517578,9.894688606262207
242,Ti0.5 Mo0.1 Cr1 Fe1 Co1.5 Ni1.5,70.78035736083984,11.139737129211426
243,V1 W0.5 Cr0.5 Co2 Ni2,76.8499984741211,11.29081916809082
244,W0.5 Mo0.5 Cr1 Co2 Ni2,75.45833587646484,13.418517112731934
245,V1 W0.5 Mo0.5 Co2 Ni2,72.5250015258789,11.16207504272461
246,V1 W0.8 Mo0.8 Co2 Ni2,73.5999984741211,12.434551239013672
247,Zr1 Cr1 Fe1 Co1 Ni1 Cu1,63.233333587646484,10.344603538513184
248,Cr1 Mn1 Fe1 Co1 Ni1,75.5199966430664,11.330023765563965
249,V0.25 Cr1 Mn1 Fe1 Co1 Ni1,74.4952392578125,11.271611213684082
250,V0.5 Cr1 Mn1 Fe1 Co1 Ni1,73.56363677978516,11.216545104980469
251,Mo0.1 Cr1 Fe1 Co1 Ni1,73.94390106201172,12.738906860351562
252,Mo0.3 Cr1 Fe1 Co1 Ni1,71.42092895507812,13.159292221069336
253,Mo0.85 Cr1 Fe1 Co1 Ni1,65.55567169189453,14.746505737304688
254,Nb0.103 Cr1 Fe1 Co1 Ni1,74.88829803466797,12.435893058776855
255,Cr1 Fe1 Co1 Ni1,75.30000305175781,12.511516571044922
256,Ta0.1 Cr1 Fe1 Co1 Ni1,75.13902282714844,12.496835708618164
257,Ti1 Cr1 Fe1 Co1 Ni1,67.83999633789062,11.50704288482666
258,Ti0.3 Cr1 Fe1 Co1 Ni1,72.69767761230469,11.933176040649414
259,V1 Cr1 Fe1 Co1 Ni1,71.04000091552734,11.993053436279297
260,V0.25 Cr1 Fe1 Co1 Ni1,74.04705810546875,12.362366676330566
261,W1 Cr1 Fe1 Co1 Ni1,90.04000091552734,15.453319549560547
262,Y1 Cr1 Fe1 Co1 Ni1,65.4800033569336,11.12117862701416
263,Zr1 Cr1 Fe1 Co1 Ni1,66.77999877929688,11.353705406188965
264,Zr0.1 Cr1 Fe1 Co1 Ni1,74.26097869873047,12.292012214660645
265,Mn1 Fe1 Co1 Ni1 Cu1,70.30000305175781,7.2698750495910645
266,Mn1 Fe1 Co1 Ni1,76.5,7.898600101470947
267,Ti1 Mn1 Fe1 Co1 Ni1,68.80000305175781,7.007976055145264
268,Zr1 Ti0.5 V1 Mn1 Fe1 Co1,61.47272872924805,7.849088191986084
269,V1 Mo1 Fe1 Co1 Ni1,60.65999984741211,11.737110137939453
270,Nb0.75 V0.5 Fe1 Co1 Ni2,71.30952453613281,8.849124908447266
271,Ta1 Nb1 V1 W1 Mo1 Cr2,70.5,17.65088653564453
272,Cr1 Mn2 Fe1 Ni2 Cu1,71.18571472167969,9.83117961883545
273,Mo0.5 Cr1 Fe1 Ni2,68.85555267333984,13.654393196105957
274,V0.5 W1 Cr1 Fe1 Ni1,89.42222595214844,17.074140548706055
275,Ta1 Nb1 V1 Mo1 Cr1,54.58000183105469,14.86160659790039
276,Ti1 Ta1 Mo1 Cr1,49.5,15.05571174621582
277,Ti1 Ta1 Nb1 Cr1,59.29999923706055,11.965540885925293
278,Mo0.2 Fe1 Co1 Ni1 Cu1,66.43809509277344,8.408464431762695
279,Hf1 Zr1 Ti1.27 Ta0.18 Nb0.18,37.00495910644531,3.9363551139831543
280,Hf0.5 Zr1 Ti1 Nb1 Mo0.5,38.662498474121094,7.313079833984375
281,Ti1 Ta1 Nb1 V1 Mo1,47.86000061035156,11.31086540222168
282,Zr1 Ta1 V1 W1 Mo1,64.81999969482422,14.829155921936035
283,Ti1 Ta1 Nb1 W1 Ni1,77.63999938964844,12.27298355102539
284,Zr1 Ti1 Nb1 V1,45.900001525878906,6.5080389976501465
285,Ti1 Ta1 V1 Cr1,58.07500076293945,12.121076583862305
286,Ti1 Ta1 Nb1 W1,78.6500015258789,13.192479133605957
287,Hf24 Ti38 Nb23 V15,43.382999420166016,5.90070915222168
288,Hf24 Ti38 Nb23 V15,43.382999420166016,5.90070915222168
289,Hf1 Ti1 Nb1 V1,45.32500076293945,6.571041107177734
290,Hf0.5 Zr1 Ti1.5 Ta0.5 Nb0.5,42.17499923706055,5.231882095336914
291,Hf1 Zr1 Ti1 Nb1,40.0,4.855312824249268
292,Hf1 Zr1 Ti1 Ta1 Nb1,45.7400016784668,6.306204795837402
293,Hf1 Ti1 Nb1 V1,45.32500076293945,6.571041107177734
294,Zr3 Ti4 Nb3,42.68000030517578,5.233058929443359
295,Zr1 Ti4 Nb3 Cr2,50.459999084472656,9.369096755981445
296,Zr2 Ti8 Nb3 Cr4 Al3,45.630001068115234,8.582632064819336
297,Zr10 Ti32 Nb15 Cr20 Al23,44.72600173950195,8.536503791809082
298,Zr10 Ti27 Nb15 Cr20 Al28,44.1609992980957,8.505758285522461
299,Zr10 Ti22 Nb15 Cr20 Al33,43.59600067138672,8.473531723022461
300,Ti1 V1 Fe1 Co1 Ni1,64.31999969482422,8.748941421508789
301,Ti0.5 Cr1 Fe1 Co1 Ni1,71.15555572509766,12.311182975769043
302,Ti1 Fe1 Co1 Ni1 Cu1,62.619998931884766,7.663196086883545
303,Ti1 Cr1 Fe1 Co1 Ni1 Al0.5,64.0999984741211,10.810758590698242
304,Ti1 Cr1 Fe1 Co1 Ni1 Al1.5,58.346153259277344,9.729828834533691
305,Ti1 Cr1 Fe1 Co1 Ni1,67.83999633789062,11.50704288482666
306,Ti1 Cr1 Fe1 Co1 Ni1,67.83999633789062,11.50704288482666
307,Ti1 Cr1 Fe1 Co1 Ni1 Al2,56.08571243286133,9.3018798828125
308,Ti1 Cr1 Fe1 Co1 Ni1 Al1,60.983333587646484,10.226737976074219
309,Ti1.5 Cr1 Fe1 Co1 Ni1 Al1,59.21538543701172,9.756170272827148
310,Ti0.5 Cr1 Fe1 Co0.5 Ni1,70.69999694824219,12.838951110839844
311,Ti1 Fe1 Co1 Ni1 Al1,58.86000061035156,7.427849769592285
312,Ti0.8 Cr1 Fe1 Co1 Ni1 Cu1,65.01724243164062,10.692452430725098
313,Ti1 Cr1 Fe1 Co1 Ni1 Cu1,64.11666870117188,10.472419738769531
314,Ti0.5 Fe1 Co1 Ni1 Al0.5,65.48750305175781,8.370490074157715
315,Ti0.5 Cr1 Fe1 Co1 Ni1 Al0.5,66.70999908447266,11.470131874084473
316,Cr1 Fe1 Co1 Ni1 Cu0.3 Al0.3,70.18695831298828,11.48408031463623
317,Cr1 Fe1 Co1 Ni1 Cu0.3 Al0.3,70.18695831298828,11.48408031463623
318,Cr1 Fe1 Co1 Ni1 Cu0.3 Al0.3,70.18695831298828,11.48408031463623
319,Ti1 Ta1 Nb1,55.20000076293945,8.332114219665527
320,Zr1 Ta1 Nb1,53.43333435058594,8.025561332702637
321,W15 Fe14 Co7 Ni14,98.51599884033203,15.562439918518066
322,W35 Fe26 Co13 Ni26,102.12200164794922,16.39911651611328
323,W10 Fe6 Co3 Ni6,105.72799682617188,17.231277465820312
324,W45 Fe22 Co11 Ni22,109.33399963378906,18.059356689453125
325,W5 Fe2 Co1 Ni2,112.94000244140625,18.883697509765625
326,Cr1 Fe1 Co1 Ni1 Al0.2,72.9857177734375,12.10316276550293
327,Cr1 Fe1 Co1 Ni1 Al0.7,68.06169891357422,11.910896301269531
328,Cr1 Mn1 Fe1 Ni1 Cu0.5 Al0.25,69.94210815429688,11.745967864990234
329,Cr1 Fe1 Ni3 Cu1 Al1,63.68571472167969,10.202247619628906
330,Cr1 Fe1 Co1 Ni3 Al1,67.87142944335938,10.565286636352539
331,Cr1 Fe1 Co2 Ni2 Al1,68.04285430908203,10.485101699829102
332,Fe20 Co20 Ni41 Al19,66.4489974975586,8.338421821594238
333,Ta1 Nb1 W1 Mo1,74.07499694824219,17.47840690612793
334,Ta1 Nb1 V1 W1 Mo1,70.05999755859375,15.925976753234863
335,Hf1 Zr1 Ti1 Nb1 Mo1,35.939998626708984,8.432379722595215
336,Hf1 Zr1 Ti1 Nb0.5 Mo1,33.38888931274414,8.355111122131348
337,Hf1 Zr1 Ti1 Nb1.5 Mo1,38.02727127075195,8.488215446472168
338,Hf1 Zr1 Ti0.5 Nb1 Mo1,35.71111297607422,8.909319877624512
339,Hf1 Zr1 Ti1.5 Nb1 Mo1,36.12727355957031,8.03515338897705
340,Hf1 Zr0.5 Ti1 Nb1 Mo1,36.29999923706055,9.007465362548828
341,Hf1 Zr1.5 Ti1 Nb1 Mo1,35.64545440673828,7.9569411277771
342,Hf0.5 Zr1 Ti1 Nb1 Mo1,36.55555725097656,8.975503921508789
343,Hf1.5 Zr1 Ti1 Nb1 Mo1,35.436363220214844,7.98366117477417
344,Hf0.5 Zr1 Ti1 Nb1 Mo0.5,38.662498474121094,7.313079833984375
345,Hf1 Zr1 Ti1 Nb1 Mo1.5,34.4636344909668,9.67583179473877
346,Hf1 Zr1 Ti1 Ta1 Nb1,45.7400016784668,6.306204795837402
347,Hf1 Zr1 Ti1 Ta1 Nb1 Mo0.25,44.5,7.089323997497559
348,Hf1 Zr1 Ti1 Ta1 Nb1 Mo0.5,43.37272644042969,7.790311813354492
349,Hf1 Zr1 Ti1 Ta1 Nb1 Mo0.75,42.34347915649414,8.422834396362305
350,Hf1 Zr1 Ti1 Ta1 Nb1 Mo1,41.400001525878906,8.997190475463867
351,Zr1 Ti1 Nb1 Mo1,37.32500076293945,9.647043228149414
352,Zr1 Ti1 Nb1 V0.25 Mo1,38.30588150024414,9.646806716918945
353,Zr1 Ti1 Nb1 V0.5 Mo1,39.17777633666992,9.645711898803711
354,Zr1 Ti1 Nb1 V0.75 Mo1,39.95789337158203,9.644024848937988
355,Zr1 Ti1 Nb1 V1 Mo1,40.65999984741211,9.641927719116211
356,Zr1 Ti1 Nb1 V1.5 Mo1,41.87272644042969,9.637007713317871
357,Zr1 Ti1 Nb1 V2 Mo1,42.88333511352539,9.631647109985352
358,Zr1 Ti1 Nb1 V3 Mo1,44.47142791748047,9.620868682861328
359,Ti1 Ta1 Nb1 V1 W1,73.72000122070312,12.484635353088379
360,Zr1 Ti1 Nb1 V1,45.900001525878906,6.5080389976501465
361,Zr1 Ti1 Nb1 V2,47.52000045776367,7.136682987213135
362,Ti1 Nb1 V1 Mo1,42.650001525878906,11.18577766418457
363,Hf1 Zr1 Ti1 Nb1 V1,42.79999923706055,5.8854498863220215
364,Ti1 Ta1 Nb1 V1 W1 Mo1,64.71666717529297,14.019574165344238
365,Ti1 Ta1 Nb1 W1 Mo1,66.86000061035156,14.884285926818848
366,Zr1 Ti1 Nb1 V0.3,44.181819915771484,5.8122382164001465
367,Zr1 Ti1 Nb1 V1 Mo0.3,44.07209396362305,7.615210056304932
368,Zr1 Ti1 Nb1 V1 Mo0.5,42.988887786865234,8.263752937316895
369,Zr1 Ti1 Nb1 V1 Mo0.7,41.99787139892578,8.852762222290039
370,Zr1 Ti1 Nb1 V1 Mo1.3,39.47358322143555,10.33637523651123
371,Zr1 Ti1 Nb1 V0.3 Mo0.1,43.46176528930664,6.311306953430176
372,Zr1 Ti1 Nb1 V0.3 Mo0.3,42.141666412353516,7.213356971740723
373,Zr1 Ti1 Nb1 V0.3 Mo0.5,40.96052551269531,8.0089750289917
374,Zr1 Ti1 Nb1 V0.3 Mo0.7,39.897499084472656,8.717331886291504
375,Zr1 Ti1 Nb1 V0.3 Mo1,38.488372802734375,9.646644592285156
376,Zr1 Ti1 Nb1 V0.3 Mo1.3,37.26304244995117,10.44677734375
377,Zr1 Ti1 Nb1 V0.3 Mo1.5,36.53125,10.921396255493164
378,Hf1 Zr1 Ta1 Nb1,47.67499923706055,6.889466762542725
379,Ti0.25 Ta1 Nb1 W1 Mo1,71.95294189453125,16.718591690063477
380,Ti0.5 Ta1 Nb1 W1 Mo1,70.06666564941406,16.04115104675293
381,Ti0.75 Ta1 Nb1 W1 Mo1,68.37894439697266,15.433161735534668
382,Ti1 Ta1 Nb1 V1 Mo1,47.86000061035156,11.31086540222168
383,Hf24 Ti38 Nb23 V15,43.382999420166016,5.90070915222168
384,Hf1 Zr1 Ti1 Nb1,40.0,4.855312824249268
385,Hf0.5 Zr1 Ti1.5 Ta0.5 Nb0.5,42.17499923706055,5.231882095336914
386,Zr1 Ti1.5 Nb1 Al0.3,41.213157653808594,5.032488822937012
387,Hf1 Zr1 Ti1 Ta1 Nb1 Mo0.25,44.5,7.089323997497559
388,Hf1 Zr1 Ti1 Ta1 Nb1 Mo0.5,43.37272644042969,7.790311813354492
389,Hf1 Zr1 Ti1 Ta1 Nb1 Mo0.75,42.34347915649414,8.422834396362305
390,Ti28.33 Mo28.33 Cr28.33 Al15,40.63975524902344,14.306763648986816
391,Ti32.33 Mo32.33 Cr32.33 Al3,42.60795211791992,15.729778289794922
392,Hf0.5 Ti1 Nb1 Mo0.5,40.650001525878906,8.680562019348145
393,Hf0.5 Zr0.1 Ti1 Nb1 Mo0.5,40.39354705810547,8.506464958190918
394,Hf0.5 Zr0.3 Ti1 Nb1 Mo0.5,39.92727279663086,8.188322067260742
395,Hf0.5 Zr0.5 Ti1 Nb1 Mo0.5,39.514286041259766,7.904652118682861
396,Hf0.5 Zr0.7 Ti1 Nb1 Mo0.5,39.14594650268555,7.649990081787109
397,Hf0.5 Zr0.9 Ti1 Nb1 Mo0.5,38.81538391113281,7.419969081878662
398,Zr42.5 Ti42.5 Ta5 Nb5 Mo5,37.412498474121094,5.014474868774414
399,Zr9 Ti9 Nb1 Mo1,35.744998931884766,4.52321195602417
400,Zr9 Ti9 Ta1 Nb1,38.19499969482422,3.8788468837738037
401,Ti3 Nb1,43.224998474121094,5.16644811630249
402,Ti2 Nb1,44.96666717529297,5.675734043121338
403,Ti1 Nb1,48.45000076293945,6.569857120513916
404,Ti1 Nb2,51.93333435058594,7.347111225128174
405,Ti1 Nb3,53.67499923706055,7.703028202056885
406,Ti3 W1,65.75,9.94914436340332
407,Ti2 W1,75.0,11.9423189163208
408,Ti1 W1,93.5,15.815996170043945
409,Ti1 W2,112.0,19.595163345336914
410,Ti1 W3,121.25,21.45890998840332
411,Ti1 W7,135.125,24.227590560913086
412,Ti3 Ru1,71.75,6.408467769622803
413,Ti2 Ru1,83.0,7.440145015716553
414,Ti1 Ru1,105.5,9.448206901550293
415,Hf3 Nb1,37.525001525878906,4.793763160705566
416,Hf2 Nb1,39.900001525878906,5.284923076629639
417,Hf1 Nb1,44.650001525878906,6.201435089111328
418,Hf1 Nb2,49.400001525878906,7.059254169464111
419,Hf1 Nb3,51.775001525878906,7.472832202911377
420,V7 W1,65.875,11.819825172424316
421,V3 W1,77.75,14.0977201461792
422,V1 W1,101.5,18.52903175354004
423,V1 W3,125.25,22.81400489807129
424,V1 W7,137.125,24.90641212463379
425,Ta1 Nb7,60.125,9.114513397216797
426,Ta1 Nb3,61.349998474121094,9.539290428161621
427,Ta1 Nb1,63.79999923706055,10.341607093811035
428,Ta3 Nb1,66.25,11.091934204101562
429,Ta7 Nb1,67.4749984741211,11.450704574584961
430,Nb3 Mo1,49.099998474121094,12.079729080200195
431,Nb2 Mo1,45.83333206176758,13.172286033630371
432,Nb1 Mo2,32.766666412353516,17.36686134338379
433,Nb1 Mo3,29.5,18.3763370513916
434,Nb3 W1,81.42500305175781,13.627903938293457
435,Nb2 W1,88.93333435058594,15.208041191101074
436,Nb1 W1,103.94999694824219,18.28489112854004
437,Nb1 W2,118.96666717529297,21.263757705688477
438,Nb1 W3,126.4749984741211,22.719945907592773
439,Nb7 Ru1,73.1624984741211,10.136896133422852
440,Nb3 Ru1,87.42500305175781,11.284939765930176
441,Nb2 Ru1,96.93333435058594,11.927336692810059
442,Nb1 Ru1,115.94999694824219,12.996722221374512
443,Ta7 Mo1,62.57500076293945,13.048673629760742
444,Ta3 Mo1,56.45000076293945,14.278566360473633
445,Ta1 Mo1,44.20000076293945,16.686853408813477
446,Ta1 Mo3,31.950000762939453,19.032691955566406
447,Ta1 Mo7,25.825000762939453,20.183971405029297
448,Ta7 Re1,82.36250305175781,12.469860076904297
449,Ta3 Re1,96.0250015258789,12.973471641540527
450,Ta1 Re1,123.3499984741211,13.564515113830566
451,Ta1 Re3,150.6750030517578,13.676703453063965
452,W1 Mo7,35.86249923706055,22.031993865966797
453,W1 Mo3,52.025001525878906,22.740802764892578
454,W1 Mo1,84.3499984741211,24.15421485900879
455,W3 Mo1,116.67500305175781,25.56279182434082
456,W7 Mo1,132.83749389648438,26.265546798706055
457,W7 Re1,152.625,25.814172744750977
458,W3 Re1,156.25,24.562509536743164
459,W1 Re1,163.5,21.693031311035156
460,W1 Re3,170.75,18.136184692382812
461,W7 Ru1,152.0,25.731016159057617
462,W3 Ru1,155.0,24.44999122619629
463,W2 Ru1,157.0,23.56717872619629
464,Ti2 Nb1 W1,70.9749984741211,11.291587829589844
465,Ti2 Nb2 W1,68.55999755859375,10.858930587768555
466,Ti1 Nb1 W1,81.96666717529297,13.652411460876465
467,Ti1 Nb2 W1,76.19999694824219,12.506011962890625
468,Ti1 Nb2 W2,90.76000213623047,15.514843940734863
469,Ti1 Nb1 W2,98.7249984741211,17.079099655151367
470,Ti1 W1 Re1,121.66666412353516,15.805739402770996
471,Ti1 W2 Re1,128.5,18.84117889404297
472,Ti1 Nb1 Ru1,89.96666717529297,9.914636611938477
473,Ti1 Nb2 Ru1,82.19999694824219,9.909744262695312
474,Hf2 Zr1 Ti1 Nb2,41.54999923706055,5.350505828857422
475,Hf1 Zr1 Ti1 Nb3,46.29999923706055,6.2971367835998535
476,Zr2 Ti1 Nb1 V2,45.04999923706055,6.4874348640441895
477,Ti1 Nb1 W1 Re1,105.9749984741211,14.368940353393555
478,Ti1 Nb3 W1 Re1,90.28333282470703,12.764171600341797
479,Ti1 Nb2 W2 Re1,105.30000305175781,15.817062377929688
480,Ti1 Nb1 W3 Re1,120.31666564941406,18.785066604614258
481,Ti1 Nb1 W1 Ru1,104.7249984741211,14.487407684326172
482,Ti1 Nb3 W1 Ru1,89.44999694824219,12.826237678527832
483,Ti1 Nb2 W2 Ru1,104.46666717529297,15.840117454528809
484,Ti1 Nb1 W3 Ru1,119.48332977294922,18.77281951904297
485,Nb1 V1 W1 Ru1,108.7249984741211,15.962958335876465
486,Nb2 V1 W2 Ru1,107.13333129882812,16.777149200439453
487,Nb1 V1 W3 Ru1,122.1500015258789,19.712247848510742
488,V1 W1 Mo1 Ru1,98.92500305175781,18.948028564453125
489,V1 W3 Mo1 Ru1,115.61666870117188,21.64699935913086
490,Ta2 Nb2 W1 Mo1,70.6500015258789,15.154817581176758
491,Ta3 Nb1 W1 Mo1,72.28333282470703,15.611616134643555
492,Ta1 Nb1 W3 Mo1,99.05000305175781,20.712539672851562
493,Ta1 Nb3 W1 Ru1,94.56666564941406,14.106013298034668
494,Ta1 Nb2 W2 Ru1,109.58333587646484,17.11012077331543
495,Nb1 W3 Mo1 Ru1,116.43333435058594,21.58799171447754
496,Ta2 W2 Mo1 Re1,105.51667022705078,19.513038635253906
497,Ta1 W1 Mo1 Re1,103.8499984741211,19.429473876953125
498,Ta1 W3 Mo1 Re1,118.9000015258789,22.019853591918945
499,Ta1 W1 Mo1 Ru1,102.5999984741211,19.41285514831543
500,Ta1 W2 Mo2 Ru1,96.51667022705078,21.039657592773438
501,Ta1 W3 Mo1 Ru1,118.06666564941406,21.95981788635254
502,Ti1 Nb1 Mo1,38.86666488647461,11.718050956726074
503,Hf1 Zr1 Nb1,40.66666793823242,5.199396133422852
504,Hf1 Zr1 Ta1 Nb1,47.67499923706055,6.889466762542725
505,Hf1 Zr1 Ti0.25 Ta0.75 Nb1,45.756248474121094,6.396452903747559
506,Hf1 Zr1 Ti0.5 Ta0.5 Nb1,43.837501525878906,5.895016193389893
507,Hf1 Zr1 Ti0.75 Ta0.25 Nb1,41.91875076293945,5.382543087005615
508,Hf1 Zr1 Ti1 Nb1,40.0,4.855312824249268
509,Ti9 Nb2 Al9,35.005001068115234,4.208885192871094
510,Ti49 Nb2 Cr2 Al47,33.77899932861328,4.149093151092529
511,Ti49.5 W2 Al48 Si0.5,34.90599822998047,4.094676971435547
512,Ti1 V23 Cr1,54.06399917602539,9.837124824523926
513,Cr0.2125 Fe0.2125 Co0.2125 Ni0.2125 Al0.15,68.01000213623047,11.219437599182129
514,Cr0.1 Fe0.1 Co0.1 Ni0.1 Al0.6,46.13999938964844,7.575117111206055
515,Nb23 Ir77,175.2469940185547,16.888357162475586
516,Cr13.42 Mn14.21 Fe23.49 Co24.58 Ni24.31,75.80945587158203,10.443353652954102
517,Nb62.5 Si37.5,59.3125,8.042730331420898
518,Hf0.21 W99.79,148.75094604492188,26.921506881713867
519,Nb2.5 W97.5,146.74749755859375,26.550411224365234
520,Hf0.8 W99.2,148.0511932373047,26.792522430419922
521,Ti6 Nb35 V1 Cr8 Al5,55.45090866088867,9.912094116210938
522,Hf0.1 Cr10.1 Fe25.7 Co5.3 Ni27 Al31.8,60.457401275634766,9.798715591430664
523,Nb62.5 Si37.5,59.3125,8.042730331420898
524,Hf0.9 Mo91,19.80478858947754,21.16025161743164
525,Hf1.5 Mo98.5,19.86050033569336,21.074386596679688
526,Hf3 Mo97,20.020999908447266,20.826690673828125
527,Hf0.1 Ti0.5 Ta5 W5 Mo1 Cr4 Re4 Ru4 Ni70.3 Al6 Si0.1,81.60919952392578,10.414714813232422
528,Ti1.1 Ta7.9 W5.7 Mo2 Cr7.8 Co6.5 Ni63.8 Al5.2,73.52429962158203,10.82684326171875
